song_title,song_url
In My Feelings(Explicit),
Girls Like You(Clean),
I Like It,
FEFE,
Better Now,
Lucid Dreams,
No Tears Left To Cry,
God is a woman,
SICKO MODE,
Taste,
Love Lies-(电影《爱你，西蒙》插曲),
No Brainer,
Boo’d Up,
Yes Indeed,
Youngblood,
Psycho,
Nice For What(Explicit),
Nonstop(Explicit),
Delicate,
Perfect,
Breathin,
Back To You,
Big Bank(Explicit),
The Middle,
SAD!,
God’s Plan(Explicit),
Natural,
Tequila,
Eastside,
Drowns the Whiskey,
Mercy,
STARGAZING,
Simple,
FRIENDS,
Barbie Dreams,
One Kiss,
Sunrise， Sunburn， Sunset,
Never Be the Same,
In My Blood,
Life Changes,
Get Along,
I’m a Mess,
APESH*T,
Te Bote(Remix),
Moonlight,
Break Up in the End,
Beautiful,
Broken,
Hotel Key,
YOSEMITE,
Africa,
Sweetener,
You Say,
Drew Barrymore,
Jackie Chan,
Solo,
Hooked,
All Girls Are The Same,
Everytime,
Happier,
Medicine,
Promises,
Remind Me to Forget,
Trip,
Lean Wit Me,
Level Up,
I’m Upset(Explicit),
1942,
R.E.M,
That’s On Me,
She Got the Best of Me,
Lose It,
Don’t Go Breaking My Heart,
Blue Tacoma,
Chanel (Go Get It),
Taking A Walk,
Side Effects,
Best Part,
Drunk Me,
Cry Pretty,
Ring,
Kiss Somebody,
Goodnight N Go,
Made For Now,
The Light Is Coming(Clean),
High Hopes,
Bed(Clean),
Growing Pains,
Take Back Home Girl,
Desperate Man,
W O R K I N  M E(Clean),
Lie,
Sin Pijama,
Pete Davidson,
Chun-Li,
God is a woman,
I Like It,
Girls Like You(Explicit),
In My Feelings(Explicit),
Better Now,
You Say,
Breathin,
Natural,
Youngblood,
FEFE,
Lucid Dreams,
High Hopes,
No Tears Left To Cry,
Simple,
Happier,
Taste,
Havana,
Africa,
Rockstar-[摇滚歌星],
SICKO MODE,
In My Blood,
Dad’s Old Number,
No Brainer,
Whatever It Takes,
Promises,
Drowns the Whiskey,
Respect(with The Royal Philharmonic Orchestra),
Tequila,
Psycho,
Made For Now,
I’m a Mess,
Perfect,
Drew Barrymore,
Back To You,
Beautiful Crazy,
Broken,
Meant to Be,
Drunk Me,
Sunrise， Sunburn， Sunset,
Get Along,
Delicate,
Dinero,
Thunder,
Heart Like A Wheel,
Eastside,
Desperate Man,
Break Up in the End,
Nonstop(Explicit),
(You Make Me Feel Like) A Natural Woman,
She Got the Best of Me,
Beautiful,
Lose It,
Don’t Go Breaking My Heart,
Remind Me to Forget,
Boo’d Up,
This Is Me,
Can’t Help Falling in Love,
The Middle,
Ring,
Sit Next to Me(Rework),
Nevermind (Alright),
Nice For What(Explicit),
God’s Plan(Clean),
Africa,
Zombie,
Speechless,
Are You Ready,
God’s Plan(Explicit),
Big Bank,
Who You Say I Am,
Believer,
Tennessee Whiskey,
Have It All,
Hotel Key,
Solo,
Yes Indeed,
One Day At A Time,
Reckless Love,
Sweetener,
Heaven,
Think (feat. The Blues Brothers),
Chain Of Fools,
All I Am,
Level Up,
Never Enough,
I Say a Little Prayer,
Shotgun,
In My Feelings(Explicit),
Eastside,
Promises,
God is a woman,
No Brainer,
Breathin,
Girls Like You(Explicit),
Taste,
Lucid Dreams,
RING RING,
Only You,
SICKO MODE,
Youngblood,
All I Am,
Rise,
Solo,
Nevermind,
Praise The Lord (Da Shine),
FEFE,
Sweetener,
Don’t Leave Me Alone,
Jackie Chan,
079ME,
TOOTIMETOOTIMETOOTIME,
One Kiss,
Ocean,
Nonstop(Explicit),
Happier,
Best Life,
If You’re Over Me,
High Hopes,
Fine Girl,
In My Mind,
2002,
Panic Room,
Bed(Explicit),
I Like It,
心领神会,
让我为你唱情歌,
凡人,
闭上双眼,
Have Fun,
我跟你卡好,
牵着我,
Moonlight,
蓝色小货车,
Power Up,
YA YA YA,
Rumor,
Way Back Home,
매트리스,
iKON大热新歌《KILLING ME (죽겠다)》下一个抖音BGM预订！,
SoulMate,
你做吧,
Dance The Night Away,
1，2，3!,
열애중,
20 Something,
DDU-DU DDU-DU,
한 (一),
왜 몰랐을까,
I’m so sick,
Love U,
To Reach You,
모든 날， 모든 순간 (Every day， Every Moment),
Forever Young,
BAAM,
Sunny Summer,
Rollin’ Rollin’,
1000%,
HandClap,
Dejavu,
仿佛我们未曾在一起(Prod. Jung Key),
동화,
지나오다,
Vacation (Feat. SOLE),
See You Again,
Havana,
没有你不行,
Polaris,
好日子,
사랑을 했다,
IAM,
미워도 다시 한 번,
Thunder,
La La(PROD. Double Kick),
アンビバレント,
スタートダッシュ!,
ジコチューで行こう！（以自我为中心！）,
SUPER BALL,
HARD HIT,
いきなりパンチライン (突如其来的PUNCH LINE),
Hola! Hola! Summer,
いとしーさー,
永遠のひとつ-[永远的唯一],
ばぶりんスカッシュ！,
CheerS-(《工作细胞》TV动画片尾曲),
夏疾風,
輝きだして走ってく,
Thank you， FRIENDS!!,
ドラマ,
パプリカ-[红辣椒],
COSMIC☆HUMAN,
U.S.A.,
恋はMovie,
恋町カウンター,
マスカット (麝香葡萄),
シンデレラガール (灰姑娘女孩),
COCOATIC BAR,
さらせ冬の嵐,
Touch You,
Lemon-(日剧《非自然死亡》主题曲),
Stage bye Stage,
ヒカリ証明論 (光的证明) (TV Version),
もういちど ルミナス,
With Love (M@STER VERSION),
メロンソーダ-[蜜瓜苏打],
ライオン(2018 New Version),
ふたりの羽根-[二人的羽翼](TV size),
ロングホープ・フィリア,
鳰の湖,
もう会えないけど、平気ですか?～Our days～,
この道を,
世界はあなたに笑いかけている,
もし君を許せたら,
迷宮壁,
逆光,
天竜流し,
Eternal Star,
世界上唯一的花(世界に一つだけの花 Chinese Version),
シンクロニシティ,
Baile Apasionado,
Jesus,
3$EVEN,
ブレス (祝福),
夏のプリンス,
マリーゴールド,
G anthem of Y-CITY,
Wake Me Up,
下町純情,
青と夏,
ハイステッパー,
俺が一郎,
R,
プロポーズ (求婚),
バベルシティ・グレイス,
ガラスを割れ！,
ミライのテーマ,
うたかたの女 (泡沫之女),
CHASER,
花ふたたび,
インコンプリートノーツ,
君の手を (执子之手),
愛が足りなくて,
好きで好きでしょうがない,
弥太郎鴉,
くちなし雨情 (栀子雨情) (试听版),
逆転ラバーズ,
Sunny Side,
BLUE,
きっと私は,
デートの日は二度くらいシャワーして出かけたい,
Silent Solitude,
北の港で待つ女,
真夏の Fantasy,
花が咲いている,
Chocolate Love,
いちから二人,
冬の蝶,
Fly Me to the Star,
風に吹かれても (纵有风吹),
津軽おとこ節(试听版),
Vital (Intrumental),
Heading to Over,
花火と漫画とチョコと雨,
情熱アンソロジー,
Teacher Teacher,
椿の咲く港,
摇滚之母,
芭乐,
宁愿当初不相见,
半杯入魂,
渐渐,
星光,
一世同学,
开心节,
青春终老,
潜水,
心之科学,
夜半超人,
千年如一日,
勇悍17,
终生女友,
停半分钟听一阕歌,
That Girl,
卡路里-(电影《西虹市首富》插曲),
学猫叫,
讲真的,
让我做你的眼睛,
拥抱你离去,
往后余生(demo),
体面-(电影《前任3：再见前任》插曲),
嘴巴嘟嘟,
最美的期待-(电视剧《茧镇奇缘》片头曲),
再见只是陌生人,
起风了,
陷阱,
隔壁泰山,
一百万个可能,
说散就散-(电影《前任3：再见前任》主题曲),
不仅仅是喜欢,
空空如也,
可能否,
浪人琵琶,
我已经爱上你,
情人迷,
再见吧我最爱的你,
离人愁,
凉凉-(电视剧《三生三世十里桃花》片尾曲),
醉千年,
需要人陪,
雪落下的声音-(影视剧《延禧攻略》片尾曲),
牧马城市-(电视剧《老男孩》片尾曲),
我的将军啊,
广东爱情故事,
怀念青春,
纸短情长,
我们不一样,
像我这样的人,
往后余生,
最后我们没在一起,
消愁,
差一步,
远走高飞,
花桥流水,
一晃就老了(DJ何鹏版),
成都,
醉赤壁,
红昭愿,
123我爱你,
告白气球,
一晃就老了,
逆流成河,
带你去旅行,
回忆总想哭,
刚好遇见你,
爱的故事上集,
卡布奇诺,
半壶纱,
走马,
海草舞,
光明,
追光者-(电视剧《夏至未至》插曲),
HandClap,
小跳蛙,
Faded,
西海情歌,
叹云兮-(电视剧《芸汐传》片尾曲),
风筝误,
烟火里的尘埃,
突然想起你,
寻-(电视剧《猎毒人》片尾曲),
听心,
佛系少女,
BINGBIAN病变(女声版),
PLANET,
星球坠落,
9420,
越来越不懂,
星月-(电视剧《甜蜜暴击》片尾曲),
死心塌地去爱你,
给陌生的你听,
云烟成雨,
男孩,
演员,
唐人,
再也不会遇见第二个她,
魔鬼中的天使,
流浪的子弹,
我的唇吻不到我爱的人,
9277,
唐人(Live版),
九张机-(网剧《双世宠妃》主题曲),
答案 (Live),
风的季节,
不变的情缘,
许多年以后,
听心(DJ何鹏版),
有何不可,
爱的故事(上集),
爱你,
最美情侣,
过客,
高山流水,
光年之外-(电影《太空旅客》中文主题曲),
殇雪,
安娜的橱窗,
后来,
往后余生 (抖音完整版),
稻香,
一壶老酒,
光年之外,
妈妈我想你,
再见 你好,
心做し（Cover GUMI）,
答案,
青花瓷,
最美婚礼,
愿做菩萨那朵莲,
最美的情缘,
尽头,
去年夏天,
三生三世-(电视剧《三生三世十里桃花》主题曲),
给你们,
盗心贼,
喜欢你,
你一定要幸福 ,
逆战,
阿刁,
我的楼兰,
我的快乐就是想你,
梦中的婚礼,
Shape Of You,
猜不透,
小苹果-(电影《老男孩之猛龙过江》宣传曲),
飞蛾扑火,
Wait Wait Wait,
我们终究是错过,
拥抱你离去(DJ版),
梦里梦外都是你,
有点甜-(电视剧《借用一下你的爱》插曲),
盗将行,
那个人,
等你下课(with 杨瑞代),
最远的你是我最近的爱,
说散就散,
非酋,
38度6,
恋人心,
我又想你了,
Dream It Possible,
远走高飞(合唱版),
你打不过我吧,
歌在飞,
没有你陪伴真的好孤单,
白羊,
纸短情长(完整版),
丑八怪,
七月上,
一百万个可能 - DJ版,
佛说(原创),
抖音快手98K完整版（DJ麻子remix）,
花桥流水(合唱),
小半,
太想念,
咖喱咖喱,
灾,
那些你很冒险的梦,
偏爱,
勉为其难,
如果你爱上了别人,
PDD洪荒之力 (纯音乐),
我已经爱上你(正式版),
没有你陪伴我真的好孤单,
唱腔另类,
Nevada(Original Mix),
你的眼角流着我的泪,
爱如星火,
光辉岁月,
以后的以后,
无畏的明天-(电视剧《甜蜜暴击》片头曲),
喜欢你 (原唱: Beyond),
故事与她(Remix),
小可爱与小领带,
Friendships(Original Mix)(Remix),
当我要走的时候,
岁月神偷 (Demo),
落花成泥-(网络剧《芸汐传》推广曲),
三十出头,
几度梦回大唐,
Panama,
【祖娅纳惜·FRE】左手指月,
默-(电影《何以笙箫默》插曲),
我们的时光,
无味,
我的梦-(影视剧《为了你我愿意热爱整个世界》主题曲),
庸人自扰,
Send It,
你要的全拿走,
两个人的回忆一个人过,
平凡之路(Live版),
李白,
如果你爱上了别人请别告诉我,
行星,
卡路里-(电影《西虹市首富》插曲),
雪落下的声音-(影视剧《延禧攻略》片尾曲),
38度6,
盗将行,
去未来,
目不转睛,
晴天-(抖音版),
醉千年,
咖喱咖喱,
可能否,
光年之外,
Wait Wait Wait,
喜欢你,
红墙叹-(影视剧《延禧攻略》片尾曲）),
不染（cover毛不易）,
看-(影视剧《延禧攻略》片头曲主题曲),
灾,
像我这样的人,
That Girl (粤语版),
Pull Up,
You Can Be My GirlFriend,
倒数,
野花,
梅香如故-(电视剧《如懿传》片尾曲),
水中花+La Vie En Rose,
重生-(电视剧《夜天子》片头曲）,
左手指月（cover萨顶顶）,
撞,
陪我长大-(电影《快把我哥带走》主题曲),
寒鸦少年-(电视剧《斗破苍穹》主题曲),
最好的那年,
一生等你 (Cover：袁娅维),
盗将行(Cover 花粥),
It’s You,
No Fear in My Heart,
Five Hundred Miles,
再见,
我已经爱上你(一秒钟而已),
盗将行 (合唱),
彩虹下面-(电影《西虹市首富》推广曲),
小半(Live),
情霜,
我爱你Lover(DJ版),
左手-(手游《皇室战争》宣传曲),
LOVE SCENARIO(中文版),
不染,
我的爱-(慕思《觉醒》视频主题曲),
不负流年-(动漫《盛世妆娘》片头曲）,
星球坠落,
膨胀-(电影《西虹市首富》插曲),
心·机-(《天盛长歌》电视剧插曲),
你要的全拿走,
体面,
相忘-(影视剧《延禧攻略》片尾曲),
东风破,
冷殿下-(网络剧《惹上冷殿下》插曲),
我已经爱上你(女版),
光年之外+潜龙勿用,
I Love Poland,
煎熬,
推开世界的门,
余波荡漾,
来自天堂的魔鬼,
为你我受冷风吹,
卡布奇诺,
To Be Your Love-(网络剧《惹上冷殿下》插曲),
38度6(DJ小鱼儿版),
干杯朋友,
南方以南,
Young OG,
可不可以,
说散就散,
呼吸-(网络剧《惹上冷殿下》插曲),
好像掉进爱情海里,
时间轴,
Star-(网络剧《惹上冷殿下》插曲),
情非得已,
姑娘,
母系社会,
顶天立地,
当每颗星星-(电影《一出好戏》主题曲),
死了都要爱,
一剪梅,
你还怕大雨吗,
爱得像个小朋友-(影视剧《爱情进化论》人物主题曲),
有人,
那么喜欢你-(影视剧《爱情进化论》人物主题曲),
何以歌-(广播剧《魔道祖师》主题曲),
一百万个可能,
可一可再,
他在那里,
All Right-(影视剧《爱情进化论》人物主题曲),
恋语1910-(电视剧《十年阳光十年华》推广曲),
买条街,
双影-(电视剧《如懿传》主题曲),
燃烧我的卡路里,
任花落-(电视剧《夜天子》片尾曲）,
无常春秋-(电视剧《延禧攻略》 主题曲),
To Be Your Love -(网络剧《惹上冷殿下》片头曲),
往日时光+三套车,
往后余生 (demo),
Let You Go,
男孩,
都说,
Coco Made Me Do It,
最美的颜色-(影视剧《最美的青春》片头曲),
最美的风景-(影视剧《最美的青春》片尾曲),
光辉岁月,
催眠,
我已经爱上你,
离开,
Champ,
带我走-(电视剧《夜天子》插曲）,
Friendships(Original Mix)说唱改版,
不孤单,
Shall We Talk,
I Am The Man,
Hold Me Down（中文版）,
爱情进化论-(影视剧《爱情进化论》同名主题曲),
CrossFire-(游戏《穿越火线》主题曲),
经过-(网剧《惹上冷殿下》片尾曲),
当我想起你-(电视剧《月嫂先生》片头曲),
谁在怀念,
泡沫,
盛妆-(动漫《盛世妆娘》片尾曲）,
北京芭娜娜,
往后余生 + 讲真的,
追梦,
你懂我在等你吗,
如昨-(电视剧《天盛长歌》概念曲),
快给我点个赞-(《堡垒之夜》玩家定制曲),
何奈何-(电视剧《天盛长歌》片尾曲),
我的将军啊,
Shape Of You,
忘了我-(电视剧《夜天子》片尾曲）,
当真,
摩天轮的眼泪,
HandClap(98K中文版),
灯塔,
世外蓬莱(剑网3新门派蓬莱主题曲),
Rep That Culture,
那些你很冒险的梦(Live),
疯狂爱一回,
不动声色-(影视剧《爱情进化论》情感主题曲),
阿哥阿妹 (完整版),
我很好,
24小时,
我就在你身边,
Moonlight,
走马,
拥有,
止战之殇+Rap Doc,
8+8=8,
摩天大楼,
吴亦凡战队cypher,
狗去那边喂,
大雁,
如果你爱上了别人,
不忘初心,
动脑金,
中国新说唱EP07-RAP07,
为你写诗,
Get It Out,
阴转小雨,
爱得像个小朋友-(影视剧《爱情进化论》人物主题曲)(慢版),
伴-(网络剧《惹上冷殿下》插曲),
少年不知曲中意，听懂已是曲中人,
Mercy On Me,
竹林深处,
人生一世不容易,
快把我带走-(电影《快把我哥带走》推广曲),
呼吸(钢琴人声),
可不可以撩,
又一次爱上你,
Havana(mix),
To be your love(吉他人声),
带我走-(电视剧《夜天子》宣传曲）,
隔壁的泰山,
胭脂绯红-(网剧《芸汐传》插曲),
听妈妈的话,
时间都说过-(影视剧《最美的青春》插曲),
忽然之间,
谜-(电视剧《武动乾坤》乾坤主题曲),
一万次悲伤,
我的梦,
偷影子的人,
Love Will Save The World,
兰亭序,
我想和你在一起,
娜就是快乐,
Remember Me,
单行的轨道,
小橙子之歌,
爱得像个小朋友-(影视剧《爱情进化论》人物主题曲)(快版),
潘玮柏邓紫棋战队cypher,
一支红杏,
下辈子别再错过我了,
Rumor,
清守,
苏州河,
Wait Wait Wait,
目不转睛,
去年夏天,
最美婚礼,
去未来,
晴天-(抖音版),
38度6,
我已经爱上你,
雪落下的声音-(影视剧《延禧攻略》片尾曲),
【祖娅纳惜·FRE】左手指月,
醉千年,
光年之外,
平凡之路(Live版),
一晃就老了(DJ何鹏版),
吃鸡神曲（98K）,
盗将行,
宫墙柳-(电视剧《延禧攻略》插曲),
听心,
魔鬼中的天使,
9420,
佛说(原创),
最美的期待-(电视剧《茧镇奇缘》片头曲),
听心(DJ何鹏版),
让我做你的眼睛,
差一步,
我又想你了,
牧马城市-(电视剧《老男孩》片尾曲),
抖音快手98K完整版（DJ麻子remix）,
听说,
阿刁,
一晃就老了,
浪人琵琶,
我怎么这么好看(《青春芒果节》主题曲),
空空如也,
三十出头,
离人愁,
卡布奇诺,
陷阱,
广东爱情故事,
9277,
探清水河(Live),
海草舞,
无味,
卡路里-(电影《西虹市首富》插曲),
Friendships(Original Mix)(Remix),
最后我们没在一起,
纸短情长,
BINGBIAN病变(女声版),
不仅仅是喜欢,
可能否,
等你下课(with 杨瑞代),
Panama,
123我爱你,
云烟成雨,
我们终究是错过,
故事与她(Remix),
体面-(电影《前任3：再见前任》插曲),
走马,
学猫叫,
女儿国-(电影《西游记女儿国》主题曲),
佛系少女,
隔壁泰山,
纸短情长(完整版),
那个人,
庸人自扰,
梦里梦外都是你,
行星,
往后余生 (抖音完整版),
我的将军啊,
再见吧我最爱的你,
说散就散-(电影《前任3：再见前任》主题曲),
你打不过我吧,
戒烟,
讲真的,
我已经爱上你(正式版),
星球坠落,
往后余生,
白羊,
唐人(Live版),
安娜的橱窗,
往后余生(demo),
寻-(电视剧《猎毒人》片尾曲),
再也不会遇见第二个她,
落花成泥-(网络剧《芸汐传》推广曲),
叹云兮-(电视剧《芸汐传》片尾曲),
给陌生的你听,
小可爱与小领带,
千年,
咖喱咖喱,
Wolves,
你要的全拿走,
星月-(电视剧《甜蜜暴击》片尾曲),
无畏的明天-(电视剧《甜蜜暴击》片头曲),
喜欢你,
卡路里-(电影《西虹市首富》插曲),
学猫叫,
让我做你的眼睛,
往后余生(demo),
陷阱,
隔壁泰山,
不仅仅是喜欢,
可能否,
浪人琵琶,
醉千年,
我已经爱上你,
我的将军啊,
牧马城市-(电视剧《老男孩》片尾曲),
纸短情长,
往后余生,
卡布奇诺,
走马,
叹云兮-(电视剧《芸汐传》片尾曲),
寻-(电视剧《猎毒人》片尾曲),
星月-(电视剧《甜蜜暴击》片尾曲),
星球坠落,
给陌生的你听,
喜欢你,
雪落下的声音-(影视剧《延禧攻略》片尾曲),
云烟成雨,
光年之外,
唐人(Live版),
9277,
魔鬼中的天使,
往后余生 (抖音完整版),
梦里梦外都是你,
我们终究是错过,
盗将行,
你打不过我吧,
我已经爱上你(正式版),
咖喱咖喱,
纸短情长(完整版),
无畏的明天-(电视剧《甜蜜暴击》片头曲),
灾,
抖音快手98K完整版（DJ麻子remix）,
落花成泥-(网络剧《芸汐传》推广曲),
小可爱与小领带,
最美婚礼,
讲真的,
庸人自扰,
你要的全拿走,
【祖娅纳惜·FRE】左手指月,
我怎么这么好看(《青春芒果节》主题曲),
一爱难求-(电视剧《扶摇》片尾曲),
平凡之路(Live版),
时间飞行-(超级网剧《镇魂》推广曲),
38度6,
倒数,
青梅竹马,
Good Night,
探清水河(Live),
Wait Wait Wait,
You Can Be My GirlFriend,
吃鸡神曲（98K）,
Pull Up,
我对自己开了一枪,
For You-(电视剧流星花园》主题曲),
只要平凡(电影《我不是药神》主题曲),
宫墙柳-(电视剧《延禧攻略》插曲),
私奔,
夜巴黎,
一个人-(电视剧《猎毒人》主题曲),
最好的那年,
超级喜欢你,
一个人去巴黎,
去年夏天,
红墙叹-(影视剧《延禧攻略》片尾曲）),
爱最闪耀-(电视剧《一千零一夜》插曲),
菩提偈-(电视剧《独孤天下》片尾曲),
No Fear in My Heart,
怎样去爱-(电视剧《甜蜜暴击》插曲),
最好,
看-(影视剧《延禧攻略》片头曲主题曲),
可不可以,
9277(原版),
探清水河 (吉他版),
我的将军啊 (女版完整),
烟火里的尘埃 - 郁欢女生版,
That Girl (粤语版),
我们后会无期,
空空如也,
心愿涂鸦(《快乐大本营“不要说，唱”》 原创歌曲9),
It’s You,
哑巴,
撞,
宠护,
一千零一夜-(电视剧《一千零一夜》片头曲),
你还是从前的你吗,
山顶上的歌,
只要平凡-(电影《我不是药神》主题曲),
你要的全拿走 (Live),
地星撞海星(《快乐大本营“不要说，唱”》 原创歌曲5),
陪我长大-(电影《快把我哥带走》主题曲),
花不语-(电视剧《一千零一夜》片尾曲),
Boys,
我怎么这么好看,
Try Try Try,
陷阱,
HandClap,
佛系少女,
非酋,
Moshi Moshi,
A-Ha,
123我爱你,
Solo,
最美的期待,
远走高飞,
洗澡歌,
Stop!,
阳光彩虹小白马,
带你去旅行,
青梅竹马,
想要和你谈恋爱,
爱的魔法,
幼女幻奏,
初见,
风筝误,
惜别,
9420,
咖喱咖喱(Live),
镜花水月,
莫名其妙爱上你,
尽头,
给陌生的你听,
我又想你了,
哦老爸,
没有人心疼我,
陪你环游世界,
好汉歌,
Who (Original Mix) - remix,
谢谢时光,
超级喜欢你,
Call of the ambulance,
小甜心,
I Want You,
摩天轮的眼泪,
Left Right,
调皮,
是我的茶,
Good Time,
神经病之歌 - 二胡,
How To Love,
My Hot Girl,
短发,
讲真的,
小宝贝,
Rolling In the Deep,
当有一天我老了,
Shape Of You,
说走就走的旅行,
甜,
粉红色的回忆-电影《唐人街探案2》拜年歌),
Night Skies(Original Mix),
着迷,
世上最可爱的歌儿,
青柠,
如约而至,
有点甜-(电视剧《借用一下你的爱》插曲),
醉赤壁,
Stay With Me,
爱的就是你,
街头霸王,
慢慢喜欢你,
心愿便利贴,
大王叫我来巡山,
Shape Of You,
Superstar,
每一句都很甜,
Drive,
天造地设,
残桥,
让我们一起摇摆,
幸福在一起,
我只喜欢你,
酒歌,
再也没有,
勇敢爱,
つくりましょう!,
Yummy,
在雨中,
我要吃肉肉,
火火火起来,
怀念青春,
夜色(Remix),
私奔,
最美的情缘,
你要的全拿走,
往后余生,
陷阱,
逆流成河,
Arigato,
学猫叫,
浪人琵琶,
小可爱,
好喜欢你,
山美水美中国美,
往后余生(demo),
嘴巴嘟嘟,
讲真的,
小跳蛙,
枪枪稳扎姑娘心,
梦里梦外都是你,
夜巴黎,
耶耶耶,
小宝贝,
这节奏要飘了,
幸福的方式,
First Kiss,
小星星,
给大哥点点关注,
小甜心,
给陌生的你听,
答案,
撩人电(Remix),
这个夏天,
宝贝我的宝,
Original Mix Friendships,
听心(DJ何鹏版),
美了美了-(电视剧《收获的季节》主题曲),
云烟成雨,
美美哒,
我想牵你手,
123我爱你,
我们不一样,
男人不怕苦,
天在下雨我在想你,
高安＆纳兰珠儿 花桥流水(DJ邱浩 2012Mix)(qiu6hao3),
再见只是陌生人,
做一个大女人,
花开的时候你就来看我,
吃货进行曲,
甜了个蜜(DJ版),
遇见,
我又想你了,
悄悄话,
Summer Air,
快乐宝贝,
最美我们,
拥抱你离去,
不仅仅是喜欢,
赶着马车唱情歌,
浪漫空气-(综艺节目《如果爱 第四季》插曲),
一晃就老了(DJ何鹏版),
爱你的小脾气,
再也不会遇见第二个她,
纸短情长,
习惯一个人,
太想念,
男人一生,
超级喜欢你,
也许夜最适合哭,
小清新,
感谢,
感谢你曾来过(Dj培仔 Remix),
大悲咒,
后来,
故事与她(Remix),
Faded EA7,
这就是爱情 ,
最美情侣,
一晃就老了,
只宠你一人,
三十出头,
Sorry 对不起,
厉害了我的哥,
刚好遇见你,
佛系少女,
大王叫我来巡山（Cover 赵英俊）,
过客,
口哨战歌,
小猪佩奇,
唱腔另类,
回忆总想哭,
这一路走来,
像我这样的人,
抒情英文女声.,
康忙北鼻,
PLANET,
受够了你,
路太远,
We Can’t Stop,
真的朋友,
卡布奇诺,
二零三,
520,
重新喜欢你,
远走高飞,
多吃一点点,
别把疼你的人弄丢了,
Friendships(Original Mix)(Remix),
Wolves,
Panama,
The Spectre,
Solo,
Dura,
Heartbeat,
Ignite,
Lover Boy 88,
All Falls Down,
Darkside,
Flames,
Moshi Moshi,
Ferrari,
Mi Gente(Hugel Remix),
Time,
Despacito,
Shivers,
Believer,
Havana(Remix),
FRIENDS(Explicit),
In My Feelings(Explicit),
Main Kaun Hoon,
How Long,
Talk,
Nachdi Phira,
The La La La,
The Middle,
Colors,
So Far Away,
Remember Me(Duo)-(电影《寻梦环游记》主题曲),
Live It Up (Official Song 2018 FIFA World Cup Russia),
...Ready For It?(BloodPop® Remix),
Telescope,
Sucker for You,
Dastan,
Havana,
Genius,
Strawberries &amp; Cigarettes,
Are You With Me(Radio Edit),
Legends Never Die (Alan Walker Remix),
Red,
Hometown,
Time(纯音乐),
Look What You Made Me Do,
Grind Me Down (Jawster Remix),
Natural,
Domino,
2002,
Rainbow-(电影《小马宝莉大电影》主题曲),
Believer(Kaskade Remix),
You Are The Reason,
Meri Pyaari Ammi,
Ashes,
Sin Pijama,
Home,
Saahore Baahubali,
Never Be the Same,
You Are The Reason(Duet Version),
Just The Same (Explicit),
Sexy Baliye,
She,
Save Me,
Dandaalayya,
Kid Singing in Walmart (Lowercase EDM Remix),
I Have Nothing,
I’ll Miss You,
Never Enough,
The Way I Am,
Oka Praanam,
you should see me in a crown,
Breathe,
Sapne Re,
Remember Me,
Done For Me,
Mystery Of Love,
She’s On My Mind,
Delicate,
Dusk Till Dawn,
Champion,
Forever,
Shotgun,
ONE,
MKJ-Time(DonnyMashup),
Have It All,
Everybody Hates Me,
Back To You,
My Heart Will Go On,
I See Love,
In My Blood,
I Will Always Love You,
Babe,
A Million Dreams,
Rewrite The Stars,
No Tears Left To Cry,
This Is Me,
One Kiss,
사랑을 했다,
Lemon-(日剧《非自然死亡》主题曲),
썸 탈꺼야(Some)-[玩暧昧],
베베(BABE),
HYDRA-(TV动画《OVERLORDⅡ》片尾曲),
眉飞色舞,
shØut-(TV动画《ReCREATORS》OP2),
BANG BANG BANG (BIGBANG JAPAN DOME TOUR 2017 -LAST DANCE-),
Blue,
Black Suit,
LIKEY,
GO CRY GO(《OVERLORDⅡ》TV动画片头曲 ),
BLACK DRESS,
Let Go,
FLOWER ROAD,
致我的思春期,
Heart Shaker,
CLEAR (TV size) (《魔卡少女樱 CLEAR CARD篇》TV动画片头曲 ),
LOSER (BIGBANG JAPAN DOME TOUR 2017 -LAST DANCE-),
秋日早晨,
You Are,
#First Love,
Go Go -Japanese Ver.-,
トリカゴ(《DARLING in the FRANXX》TV动画第1-6集片尾曲),
鏡面の波-(TV动画《宝石之国》片头曲-TVアニメ「宝石の国」OPテーマ),
비처럼 가지마요(One More Chance),
피카부 (Peek-A-Boo),
Look,
HALF (TV size),
MIC Drop -Japanese Ver.-,
動く、動くTV动画《少女终末旅行》片头曲,
小さな恋のうた (小小恋歌) (《擅长捉弄人的高木同学》TV动画第9集片尾曲),
うまるん体操 (小埋体操) (TV size),
瞬き-[闪烁]-(电影《跨越8年的新娘》主题曲),
空,
More One NightTV动画《少女终末旅行》片尾曲,
どんな星空よりも、どんな思い出よりも(比任何星空，比任何回忆)-(《如果有妹妹就好了。》TV动画片尾曲),
みちしるべ(试听版)-(动画片《紫罗兰永恒花园》片尾曲),
想象,
ASH-(TV动画《FateApocrypha》OP2),
Best Friend,
SOMETHING SPECIAL ,
IF YOU (BIGBANG JAPAN DOME TOUR 2017 -LAST DANCE-),
NoNoNo,
Rubber Band,
Best Of Me -Japanese Ver.-,
当夜晚来临,
JERK,
Beautiful,
Wake Me Up,
One More Time,
Long Time No See,
Bright Burning Shout,
Don’T Forget,
Crystal Snow,
明日の君さえいればいい。,
Good Day for a Good Day,
Water Blue New World,
SObeR,
体温,
귀를 기울이면 (LOVE WHISPER) (侧耳倾听),
愛唄(《擅长捉弄人的高木同学》TV动画第11集片尾曲),
Hellevator,
雨だれの歌,
ステップアップLOVE,
Runaway,
Fantasy,
Teenager,
空に歌えば,
ISLAND (Japanese Ver.),
I do(두 뻔째 고백),
Flashback,
Just Go,
Merry&amp;Happy,
The Lucky Ones,
Scene Steater,
Fake Town Baby,
血、汗、涙 -Japanese Ver.-,
주인공,
낮과 밤 (Day and Night),
Face,
RUNAWAY,
ドラえもん (哆啦A梦),
INTRO : Ringwanderung,
시간 차(Too late),
봐 (Look),
I LOVE YOU,
零 -ZERO--(剧场版《名侦探柯南 零之执行人》主题曲),
Spring Day -Japanese Ver.-,
Everything,
Just Dance,
PRIMALove (《BEATLESS》TV动画片尾曲),
明天再说,
Say My Name,
シンクロニシティ,
Always You,
Spin Up!,
BIG CITY RODEO,
ノンファンタジー(Nonfantasy)(非幻想)(《无论何时我们的恋情都是10厘米。》TV动画片头曲),
HANDS UP,
目不转睛,
光年之外,
东风破,
野花,
5:10a.m.,
水中花+La Vie En Rose,
星球坠落,
给点掌声,
你要的爱,
Five Hundred Miles,
魔鬼中的天使,
No Fear in My Heart,
All About That Bass,
煎熬,
光年之外+潜龙勿用,
余波荡漾,
干杯朋友,
你要的全拿走,
讲真的,
推开世界的门,
再见,
情非得已,
南方以南,
往日时光+三套车,
梦如江月,
顶天立地,
他在那里,
小半+洋葱+追光者,
为你我受冷风吹,
说散就散,
Shall We Talk,
消愁,
有种味道叫做家(《快乐大本营“不要说，唱”》 原创歌曲13),
来自天堂的魔鬼,
慢慢喜欢你,
我很好,
灯塔,
一剪梅,
好像掉进爱情海里,
走马,
男孩,
体面,
Coco Made Me Do It,
你还怕大雨吗,
隐形纪念,
Let You Go,
空心,
I Am The Man,
泡沫,
爱江山更爱美人+一剪梅,
等待,
阿刁,
你要的全拿走,
时间轴,
Champ,
母系社会,
Young OG,
一万次悲伤,
竹林深处,
遇见,
地星撞海星(《快乐大本营“不要说，唱”》 原创歌曲5),
Rep That Culture,
24小时,
的青春,
白月光(二十年来消底事)(《快乐大本营“不要说，唱”》 原创歌曲13),
Mercy On Me,
我还年轻 我还年轻,
催眠,
离人愁,
心愿涂鸦(《快乐大本营“不要说，唱”》 原创歌曲9),
Billie Jean,
离不开你,
佛系少女,
风流女生,
Shape Of You,
死了都要爱,
花,
权御天下,
8+8=8,
儿子娃娃,
海然海然,
追梦,
摩天大楼,
Three Pass,
有了你,
笑看风云,
你想干什么,
你安静起来,
大雁,
中国新说唱EP06-RAP06,
悬崖华尔兹,
看见什么吃什么,
Love Song,
只爱高跟鞋,
如你一般的人,
拥有,
山海,
兰亭序,
卑鄙,
空空如也,
No Day Off,
止战之殇+Rap Doc,
Remember Me,
Loving Strangers,
离开,
Get It Out,
动脑金,
冠军,
易燃易爆炸,
方圆几里,
英雄,
他他他,
我的梦,
魔鬼中的天使,
听妈妈的话,
天后,
东成西就,
逃,
等下一个他,
我就在你身边,
红尘来去一场梦,
情歌,
Havana(mix),
Three Pass,
你的样子,
让我一次爱个够+因为爱所以爱+抚仙湖+等你下课+霍元甲+万里长城永不倒,
AIR,
最美的期待,
西海情歌,
不爱我就拉倒,
陪在你身边(《快乐大本营“不要说，唱”》 原创歌曲1),
彼此,
不爱,
不再见,
制作人Cypher,
摩天轮的眼泪,
为你写诗,
Lydia,
你妈没有告诉你的事,
平凡之路,
雨下一整晚+半岛铁盒,
逆光,
追光者,
不为谁而作的歌,
哑巴,
飞云之下,
过去了(《快乐大本营“不要说，唱”》 原创歌曲11),
相爱恨早,
我又初恋了,
中国新说唱EP03-RAP03,
功夫,
梦中人,
Rocket Girl,
忍者+黄金甲+将军+止战之殇,
月儿圆,
9295,
K歌之王,
飘雪,
还有我,
HUSTLE,
我真的需要,
山海,
我管你,
我我,
Perfect,
ICE,
盛放,
起范儿,
易燃易爆炸,
离人愁,
像我这样的人,
借,
欢迎来到我的小小世界(《快乐大本营“不要说，唱”》 原创歌曲12),
二零三,
光年之外,
天涯,
怀念青春,
123我爱你,
视线所及只剩生活,
房间,
盛夏,
一出好戏(《快乐大本营“不要说，唱”》 原创歌曲10),
遗憾,
今日我离别,
5：10A.M,
齐天,
很幸运遇到你(《快乐大本营“不要说，唱”》 原创歌曲4),
Let Me Love You,
不负青春,
童年,
慢慢喜欢你,
贝加尔湖畔,
追梦赤子心,
残酷月光,
体面,
木兰说,
我就是这种女孩,
全部都是你,
大鱼,
红色高跟鞋,
给你们,
光辉岁月,
海阔天空,
十年,
爱的就是你,
黄昏,
不再犹豫,
千千阙歌,
月半小夜曲,
讲不出再见,
往事只能回味,
雨蝶,
鬼迷心窍,
无奈的思绪,
沉默是金,
吻别,
小小的太阳,
不浪漫罪名,
一生中最爱,
浮夸,
爱,
玻璃之情,
红豆,
大地 (粤语),
情难枕,
等你等到我心痛,
一路上有你,
人生何处不相逢,
倩女幽魂-(电影《倩女幽魂》主题曲),
至少还有你,
没有情人的情人节,
凡人歌,
曲终人散,
风雨无阻,
我等到花儿也谢了,
成全-(电视剧《粉红女郎》插曲 ),
情人,
灰色轨迹,
欢喜就好,
爱江山更爱美人-(电视剧《倚天屠龙记》片尾曲),
月亮惹的祸,
独角戏,
谁伴我闯荡,
谁明浪子心-(电视剧《还我本色》主题曲),
天涯,
只想一生跟你走,
别让我一个人醉,
朋友,
红日,
心太软,
如果这都不算爱,
因为爱所以爱,
一言难尽,
慢慢,
当爱在靠近-(电视剧《向左走向右走》插曲),
窗外,
曾经心痛,
花心,
伤心1999,
甜蜜蜜,
甘心情愿,
晚秋,
潇洒走一回-(电视剧《京城四少》主题曲),
喜欢你,
囚鸟,
追梦人,
同桌的你,
诺言,
我只在乎你,
冰雨,
人间,
爱我的人和我爱的人,
现代爱情故事,
漫步人生路,
牵手,
奔跑,
今天,
少女的祈祷,
说谎的爱人,
出卖,
男儿当自强,
留什么给你,
最浪漫的事,
让我欢喜让我忧,
感恩的心,
披着羊皮的狼(国),
花好月圆夜(国)(《花好月圆》电影主题曲),
千纸鹤,
美人吟,
天意,
我要找到你,
风继续吹,
朋友别哭,
星星点灯,
小城故事-(电影《小城故事》主题曲),
敢问路在何方-(电视剧《西游记》片尾曲),
九百九十九朵玫瑰,
分飞,
笑红尘-(电影《风云再起》主题曲),
梅花三弄,
不分手的恋爱,
西海情歌,
有何不可,
白狐,
老男孩-(电影《老男孩》主题曲),
离别的秋天,
我的好兄弟,
玫瑰花的葬礼,
求佛,
天使的翅膀,
相思的债,
十一年,
还有我,
素颜,
等一分钟,
曾经的你,
丢了幸福的猪,
擦肩而过,
别用下辈子安慰我,
怎么会狠心伤害我,
我和草原有个约定,
让泪化作相思雨,
两只蝴蝶,
爱情专属权,
手心里的温柔,
藕断丝连,
一个人的寂寞两个人的错,
婚礼的祝福,
离别的车站,
多余的解释,
绿旋风,
不是因为寂寞才想你,
全是爱,
大笑江湖,
老地方的雨,
流着泪说分手,
男儿当自强,
做我老婆好不好,
下辈子不做女人,
珍惜,
痛彻心扉,
碎心石,
我不后悔,
好姑娘,
伤心的时候可以听情歌,
爱的血泪史,
曾经最美,
城府,
下辈子也要找到你,
好聚好散,
伤不起,
九月九的酒,
老鼠爱大米,
灰色头像,
女人心,
认错,
曾经爱过你,
我爱你胜过你爱我,
等,
红装,
狼爱上羊,
闯码头,
爱情伤了你 爱情害了我,
心在跳情在烧,
苦笑,
我想有个家,
你到底爱谁,
伤心城市,
坐上火车去拉萨,
犯错,
怀念战友,
不变的音乐,
打工行,
一万个理由-{电视剧《岁月风云》插曲|电视剧《最近有点烦》片头曲},
猪之歌,
爱情买卖,
最后一次,
车站,
为爱停留,
I Love You,
爱走了心碎了,
你若成风,
红尘情歌,
心墙,
你是我的玫瑰花,
太委屈,
不要在我寂寞的时候说爱我[国语版],
比心更痛的眼眸,
爱上你是一个错,
巴赫旧约,
最真的梦,
北方的天空下,
小三续集,
难以启齿的柔弱,
做你的爱人,
为什么相爱的人不能在一起,
像梦一样自由,
最后一次的温柔,
十送红军,
飞蛾扑火,
车站,
忘不掉的伤,
孤独的牧羊人,
大声唱,
卓玛,
从此心里有了一个你,
我从草原来,
得到你的人却得不到你的心,
下辈子做你的女人,
想象之中,
和平分手,
心碎,
寒江雪,
当我唱起这首歌,
别拿我的感情当游戏,
我好喜欢你,
擦肩而过,
最后一次,
幸福的两口子,
无情的温柔,
放不下,
感动天 感动地,
我想牵着你的手,
相爱分开都是罪,
陪你一起看草原,
Faded,
See You Again,
Seve (Radio Edit),
Good Time,
一人我饮酒醉,
社会摇,
Fade,
Unity,
抖音咚咚咚,
菊花爆满山,
再见只是陌生人,
Sugar,
拥抱你离去(DJ版),
西海情歌(2014抒情蓝调),
Nevada(Original Mix),
Diamonds,
Spectre,
怀念青春,
Me Too,
Beautiful Now,
Innocence,
几度梦回大唐,
Bang Bang Bang,
爱的故事(上集),
Trip,
If I Were A Boy,
Horizon,
因为爱情-(电影《将爱情进行到底》片尾曲 国语版),
C哩C哩,
Thinking Out Loud,
Love Yourself,
This Is What You Came For,
给大哥点点关注,
She,
机器铃 砍菜刀,
When You’re Gone,
Worth It,
Luv Letter,
Immortals,
厉害了我的哥,
夜色(Mix),
Photograph,
Masked Heroes,
让我做你的眼睛,
Let Me Love You,
Dangerous-[危险的],
Hello,
Far Away From Home,
God Is A Girl,
Force,
劲爆的士高,
玩腻(DJ版),
Summertime,
Windfall,
What Do You Mean？,
Gentleman-[绅士],
我们不一样(DJ版),
天在下雨我在想你(DJ版),
火花,
Sorry,
Trouble Maker-[麻烦制造者],
如果有一天我变得很有钱,
Counting Stars,
Stitches,
Try Everything-(电影《疯狂动物城》主题曲),
不变的音乐,
死在江南烟雨中,
Fantastic Baby,
Same Old Love,
Good Boy,
Hymn For The Weekend (Alan Walker Remix),
我的小可爱,
小苹果,
Uptown Funk,
PneumaticTokyo,
Highscore,
女人没有错(DJ版),
刀山火海(DJ版),
午夜DJ,
Flower Dance,
让我做你的眼睛,
Green Sky,
明明相爱的两个人,
小苹果-(王广成广场舞),
醉红颜(DJ版),
You,
最炫民族风(广场舞),
J’adore-[崇拜],
你牛什么牛(DJ版),
刀山火海,
耶耶耶(DJ版),
印度风格慢摇,
Air Balloon-[气球],
电音之王,
8D劲爆环绕耳机震得稀巴烂,
Love You Like A Love Song,
Waiting For Love,
朋友的酒(DJ版),
爱情36度8,
My Oh My,
冰河时代 1,
Visions,
大雨还在下(DJ版Radio Mix),
Far Away From Home,
I Wanna Go,
Waves,
曾经的王者,
青苹果乐园,
差不多先生,
Flower Dance,
慢摇 a8 极品串烧,
秋风落叶,
卡路里-(电影《西虹市首富》插曲),
梅香如故-(电视剧《如懿传》片尾曲),
双影-(电视剧《如懿传》主题曲),
星月-(电视剧《甜蜜暴击》片尾曲),
心·机-(《天盛长歌》电视剧插曲),
体面-(电影《前任3：再见前任》插曲),
最美的期待-(电视剧《茧镇奇缘》片头曲),
叹云兮-(电视剧《芸汐传》片尾曲),
寻-(电视剧《猎毒人》片尾曲),
说散就散-(电影《前任3：再见前任》主题曲),
无畏的明天-(电视剧《甜蜜暴击》片头曲),
江湖儿女-(电影《江湖儿女》同名主题曲),
任花落-(电视剧《夜天子》片尾曲）,
一个人-(电视剧《猎毒人》主题曲),
何奈何-(电视剧《天盛长歌》片尾曲),
牧马城市-(电视剧《老男孩》片尾曲),
经过-(网剧《惹上冷殿下》片尾曲),
让酒-(电视剧《沙海》插曲),
如昨-(电视剧《天盛长歌》概念曲),
一起来一起走-(电影《黄金兄弟》主题曲)(国语版),
歧路·同归-(电影《道高一丈》推广曲),
等梦想开成花-(电视剧《那些年，我们正年轻》片头曲),
奈何-(电视剧《天盛长歌》插曲),
恋语1910-(电视剧《十年阳光十年华》推广曲),
彩虹下面-(电影《西虹市首富》推广曲),
怎样去爱-(电视剧《甜蜜暴击》插曲),
For You-(电视剧流星花园》主题曲),
时间飞行-(超级网剧《镇魂》推广曲),
一爱难求-(电视剧《扶摇》片尾曲),
只要平凡(电影《我不是药神》主题曲),
凉凉-(电视剧《三生三世十里桃花》片尾曲),
当每颗星星-(电影《一出好戏》主题曲),
追光者-(电视剧《夏至未至》插曲),
宫墙柳-(电视剧《延禧攻略》插曲),
Island Love-(电影《一出好戏》片尾曲),
陪我长大-(电影《快把我哥带走》主题曲),
重生-(电视剧《夜天子》片头曲）,
只要平凡-(电影《我不是药神》主题曲),
没有说完的故事-(动画电影《美食大冒险之英雄烩》片尾曲),
九张机-(网剧《双世宠妃》主题曲),
膨胀-(电影《西虹市首富》插曲),
许你浮生若梦-(电视剧《许你浮生若梦》主题曲),
爱最闪耀-(电视剧《一千零一夜》插曲),
一爱难求-(电视剧《扶摇》片尾曲),
一千零一夜-(电视剧《一千零一夜》片头曲),
血如墨-(电视剧《扶摇》命运主题曲),
离兮-(电影《风语咒》守护版主题曲),
终于走散了-(电影《罗曼蒂克振兴史》主题曲),
无常春秋-(电视剧《延禧攻略》 主题曲),
千年-(电视剧《天乩之白蛇传说》插曲),
花不语-(电视剧《一千零一夜》片尾曲),
最好的朋友在身边-(电影《爱情公寓》主题曲),
三生三世-(电视剧《三生三世十里桃花》主题曲),
牧马城市-(电视剧《老男孩》片尾曲),
女儿国-(电影《西游记女儿国》主题曲),
菩提偈-(电视剧《独孤天下》片尾曲),
后来的我们-(电影《后来的我们》片名曲),
弱水-(电视剧《天乩之白蛇传说》主题曲),
你之所以是你-(电影《西虹市首富》片尾曲),
我们-(电影《后来的我们》主题曲),
时光太深-(电视剧《功夫之爱的速递》插曲),
偶遇-(电影《邪不压正》宣传曲),
You Are My Only One-(电视剧《我和两个他》主题曲),
独白-(电视剧《天乩之白蛇传说》插曲),
夜是秋月明-(电影《我不是药神》音乐观后感),
小流星-(网剧《同学两亿岁》片尾曲),
扶摇-(电视剧《扶摇》主题曲),
梦的游戏-(《解码游戏》电影片尾曲),
几生欢-(电视剧《天乩之白蛇传说》插曲),
房间(新版)-(电影《超时空同居》插曲),
如果没有你-(电视剧《温暖的弦》推广曲),
We Won’t be Falling-(超级网剧《镇魂》主题曲),
忽而今夏-(电视剧《忽而今夏》主题曲),
大漠经-(电视剧《沙海》主题曲),
流年-(电视剧《天乩之白蛇传说》片尾曲),
凡心-(电视剧《天乩之白蛇传说》插曲),
白夜梦-(电视剧《一千零一夜》插曲),
闪亮的魔法-(电影《神奇马戏团》中文主题曲),
无问-(电影《无问西东》宣传曲),
默-(电影《何以笙箫默》插曲),
再见前任-(电影《前任3：再见前任》同名宣传曲),
本色英雄-(电影《英雄本色2018》兄弟版推广曲),
写给妹妹的歌-(电影《快把我哥带走》主题曲),
浴火成诗-(电视剧《烈火如歌》片尾曲),
光年之外-(电影《太空旅客》中文主题曲),
独白-(电视剧《天乩之白蛇传说》插曲),
一笑倾城-(电视剧《微微一笑很倾城》片头曲),
解码游戏-(电影《解码游戏》同名主题曲),
我们之间-(电视剧《我站在桥上看风景》高甜宠爱插曲),
行者-(电视剧《大话西游之爱你一万年》片头曲),
动物世界-(电影《动物世界》主题曲),
如歌-(电视剧《烈火如歌》主题曲),
像小时候一样-(电影《熊出没·变形记》暖心归家曲),
听雪-(电视剧《烈火如歌》如歌情感主题曲),
独孤天下-(电视剧《独孤天下》片头曲),
狐狸-(电影《二代妖精之今生有幸》推广曲),
勋章-(电影《我是证人》主题曲),
红尘辗-(电视剧《独孤天下》插曲),
心之焰-(电视剧《楚乔传》片尾曲),
追梦赤子心-(电影《空天猎》片尾曲),
繁花-(电视剧《三生三世十里桃花》插曲),
莽荒-(电视剧《莽荒纪》片头曲),
粉红色的回忆-电影《唐人街探案2》拜年歌),
回忆那么伤-(电视剧《花间提壶方大厨》片尾曲),
离骚-(电视剧《思美人》片尾曲),
说散就散-(电影《前任3：再见前任》主题曲),
大鱼-(动画电影《大鱼海棠》印象曲),
绅士-(电视剧《职场是个技术活》片尾曲),
如歌-(电视剧《烈火如歌》主题曲),
忽而今夏-(电视剧《忽而今夏》同名主题曲),
你，好不好？-(电视剧《遗憾拼图》片尾曲),
我要你-(电影《驴得水》主题曲),
年轮-(电视剧《花千骨》插曲),
思慕-(电视剧《三生三世十里桃花》主人公人物曲),
加油！AMIGO-(电视剧《我们的少年时代》片头曲),
小苹果-(电影《老男孩之猛龙过江》宣传曲),
匆匆那年-(电影《匆匆那年》同名主题曲),
大王叫我来巡山-(电影《万万没想到：西游篇》片尾曲),
半句再见-(电影《六弄咖啡馆》主题曲),
因为遇见你2018版-(电影《遇见你真好》片尾曲),
许多年以后-(电视剧《福星盈门》插曲),
都选C(Demo)-(电影《缝纫机乐队》插曲),
下一秒-(电视剧《微微一笑很倾城》插曲),
清醒梦境-(电视剧《南方有乔木》主题曲),
重启爱情(Restart My Love)-(电视剧《恋与偶像》主题曲),
风景-(电视剧《我站在桥上看风景》片头曲),
大梦想家-(电视剧《九州天空城》片尾曲),
望-(电视剧《楚乔传》片头曲),
一次就好-(电影《夏洛特烦恼》暖水曲),
红颜旧-(电视剧《琅琊榜》插曲),
青春修炼手册-(动漫《燃烧的蔬菜》片尾曲/电视剧《极品家丁》插曲),
凤囚凰-(电视剧《凤囚凰》主题曲),
一次就好-(电影《夏洛特烦恼》暖水曲),
无味-(网剧《二龙湖爱情故事》片尾曲),
微微一笑很倾城-(电视剧《微微一笑很倾城》片尾曲),
我们不该这样的-(电视剧《北上广不相信眼泪》片尾曲),
慢慢-(电视剧《下一站，别离》片尾曲),
桃花诺-(电视剧《上古情歌》片尾曲),
我好像在哪见过你-(动画电影《精灵王座》主题曲),
晚枫歌-(电视剧《烈火如歌》战枫情感主题曲),
一起红火火-(电影《捉妖记2》新年推广曲),
好久不见-(电视剧《好久不见》主题曲),
对的人-(电视剧《美好生活》主题曲),
什么歌-(电影《捉妖记2》主题曲),
一生所爱-(电视剧《大话西游之爱你一万年》插曲),
夏至未至-(电视剧《夏至未至》同名主题曲),
最初的记忆-(电视剧《夏至未至》片尾曲),
陪你度过漫长岁月-(电影《陪安东尼度过漫长岁月》主题曲),
那个男孩-(电视剧《夏至未至》插曲),
全世界谁倾听你-(电影《从你的全世界路过》插曲),
九儿-(电视剧《红高粱》主题曲),
请记住我-(电影《寻梦环游记》中文主题曲),
春风十里不如你-(电视剧《春风十里不如你》同名主题曲),
还魂门-(电视剧《老九门》主题曲),
岁月神偷-(电影《逆时营救》主题曲),
星辰-(电视剧《择天记》片头曲),
三生三世十里桃花-(电影《三生三世十里桃花》同名主题曲),
天若有情-(电视剧《锦绣未央》主题曲),
再遇不到你这样的人-(网剧《我不上头条》插曲),
不再犹豫(Remix)-(电影《缝纫机乐队》插曲),
如果我爱你-(电视剧《春风十里，不如你》片头曲),
回忆里的那个人-(电视剧《两生花》主题曲),
让我留在你身边-(电影《摆渡人》初见版主题曲),
Remember Me(Duo)-(电影《寻梦环游记》主题曲),
有个爱你的人不容易-(电影《夏洛特烦恼》主题曲),
不可说-(电视剧《花千骨》片尾曲),
感觉自己是巨星-(电影《卧底巨星》推广曲),
安守本份-(电视剧《使徒行者2》插曲),
风一样的我-(网剧《双世宠妃》插曲),
下一秒-(电视剧《微微一笑很倾城》插曲),
齐天-(电影《悟空传》主题曲),
三生三世十里桃花-（电影《三生三世十里桃花》有情人版主题曲）,
不将就-(电影《何以笙箫默》片尾曲),
我想念-(电视剧《夏至未至》插曲),
剑魂-(电视剧《射雕英雄传》插曲),
不说再见-(电影《谁的青春不迷茫》毕业季主题曲),
从此以后-(电影《夏有乔木雅望天堂》主题曲),
十里桃花-(电影《三生三世十里桃花》主题曲),
后会无期-(电影《后会无期》同名主题歌),
就算没有如果-(电视剧《三生三世十里桃花》插曲),
舍得-(网剧《双世宠妃》片尾曲),
那个男孩-(电视剧《夏至未至》插曲),
终于等到你-(电视剧《咱们结婚吧》主题曲),
剑心-(电视剧《古剑奇谭》片头主题曲),
酒干倘卖无-(电视剧《搭错车16版》片头曲),
我喜欢上你时的内心活动-(电影《喜欢你》主题曲),
无敌-(电影《美人鱼》宣传曲),
紫-(电影《悟空传》插曲),
鹿 be free-(电影《熊出没奇幻空间》主题曲),
滴答-(电视剧《北京爱情故事》插曲),
我好像在哪见过你-(电影《精灵王座》主题曲),
Good Life-(电影《速度与激情8》插曲),
生来倔强-(电影《空天猎》推广曲),
我好想你-(电影《小时代》主题曲),
星月-(电视剧《楚乔传》情感主题曲),
故乡的歌谣-(电视剧《安居》片尾曲),
只是没有如果-(电视剧《那年青春我们正好》片尾曲),
Try Everything-(电影《疯狂动物城》主题曲),
爱上你的好天气-(电视剧《浪花一朵朵》主题曲),
心之火-(电视剧《花千骨》片头曲),
姑娘,
海 ,
嘟嘟嘟,
吹海风,
永远的依靠,
空心,
多遥远-(网络剧《仅剩一口青春》主题曲),
一双手,
恋语1910-(电视剧《十年阳光十年华》推广曲),
我不是宝宝-(电影《有五个姐姐的我就注定要单身了啊》电影片尾曲),
答应我,
我的小时候,
天灵灵地灵灵,
军师,
魔力夏日,
清守,
避而不见,
黄粱一梦,
如果,
真的好吗,
如歌,
快给我点个赞-(《堡垒之夜》玩家定制曲),
一人愿,
小哥哥,
一生好兄弟,
懒懒的太阳,
坏猫咪,
你说,
糟糕是心动的感觉,
Baby Baby,
你会不会,
爱情修炼手册,
巧合就巧合,
缺席的青春,
相思的酒,
少女心,
兄弟的问候,
不浪漫的爱情,
追忆,
变好看,
See My Eyes,
下雨天怎么办,
你和我和她,
最爱的姑娘,
当真,
余生请多指教,
风月叹,
被荒废的青春,
触电,
星空下的相遇,
爱情啊,
有爱同享,
杰西卡,
月光,
多想回到最初,
欧巴我不傻,
无声坠落,
你懂我在等你吗,
小橙子之歌,
只要你能幸福,
想你的时候,
阴转小雨,
请给个回应,
hello，小鲜肉,
两个人的孤单,
起床歌,
黑幕,
最美温柔,
你的女儿交给我打理,
这该死的异地恋,
你从来没有动心过,
不是不爱你,
都是为了去爱你,
孤单恐惧症,
汪汪,
成长,
原来从未爱过,
陪你看风景,
难堪,
成全,
借我一滴眼泪,
一个人晚安,
高调再见,
情人,
剩余时光,
千面人,
残忍的诚实,
我想和你在一起,
我想去,
松花江的记忆,
放手,
我要变好看,
每一次喝醉,
繁星,
恋爱公路,
借个肩膀给我靠,
你是我重要的一个人,
再见亦是回不去,
我只中意你,
爱上你,
不想想你-(陈少琪原创音乐剧《爱在星光里》主题曲),
我不确定,
贫穷或富有,
Wait Wait Wait,
可一可再,
无我(WORK),
梅香如故-(电视剧《如懿传》片尾曲),
灾,
喜欢你,
吹海风,
生活倒影,
菩提,
哭给你听(纯净版),
爱就别走,
影帝,
双影-(电视剧《如懿传》主题曲),
瓜很甜,
Hold Me Down（中文版）,
最真的寂寞,
下雨天怎么办,
都不重要了,
我眼里的一粒沙,
错过,
铁墙,
土味情歌,
云归,
事与愿违(浮声六记LIVE版),
欧巴我不傻,
万王归来-(《万王之王3D》主题曲),
心狠手软,
一个人的夜,
灼,
变好看,
当真,
谢谢一辈子,
Please Everybody,
亲亲周末,
夜-(影视剧《古剑奇谭2》沈夜人物曲),
暴鸡韦神,
梦想时代,
望京,
Leo King,
爱我的人和我爱的人,
玫瑰味道的夏天,
再见亦是回不去,
Sagyndym Seni  想念你,
光辉岁月,
我好想好想你,
火火,
平遥行,
So What,
Lose Control ,
兄弟的问候,
最好的那年,
好热好热,
请听,
以爱回向,
咖喱咖喱,
飞鸟,
Wake Up,
Pull Up,
坏掉的大人,
Island Love-(电影《一出好戏》片尾曲),
Call Me,
不动声色-(影视剧《爱情进化论》情感主题曲),
偕老,
致有情人,
当每颗星星-(电影《一出好戏》主题曲),
仰世而来,
CrossFire-(游戏《穿越火线》主题曲),
星球坠落,
求带走,
爱得像个小朋友-(影视剧《爱情进化论》人物主题曲),
没有说完的故事-(动画电影《美食大冒险之英雄烩》片尾曲),
中国没有嘻哈,
Moonlight,
迷梦,
经过-(网剧《惹上冷殿下》片尾曲),
All Right-(影视剧《爱情进化论》人物主题曲),
娜就是快乐,
清风呀,
爱情不一定完美,
Three Pass,
你能看到我,
最美的约定-(《炫舞时代》四周年主题曲),
童话梦想家-(节目《超能幼稚园》片尾曲),
夏天，最后的一天,
最美的风景-(影视剧《最美的青春》片尾曲),
年轻气盛,
当每颗星星(阿信版),
那么喜欢你-(影视剧《爱情进化论》人物主题曲),
蓝,
I Like You,
默默,
最好,
海鸟,
爱情进化论-(影视剧《爱情进化论》同名主题曲),
许你浮生若梦-(电视剧《许你浮生若梦》主题曲),
我只是个孩子-(节目《超能幼稚园》主题曲),
最美的颜色-(影视剧《最美的青春》片头曲),
偶尔,
都说,
人生,
今天雨，可是我们在一起,
左手-(手游《皇室战争》宣传曲),
The Wrong Things,
门后,
一趟,
My Little One-(综艺《我家那小子》主题曲),
最精彩的舞步-(2018《新舞林大会》主题曲),
时光太深-(电视剧《功夫之爱的速递》插曲),
中国魂,
终于走散了-(电影《罗曼蒂克振兴史》主题曲),
原来我一直都不孤单,
仅限于礼貌,
爱过你有多久就有多痛,
溯(Reverse),
Here We Are,
亚洲雄风,
离兮-(电影《风语咒》守护版主题曲),
快乐转载-(《QQ炫舞》系列主题曲),
追赶时间(浮声六记LIVE版),
偶遇-(电影《邪不压正》宣传曲),
牧羊人,
没有伞的孩子,
见你,
存在感,
船歌,
这辈子靠得住,
王子的样子,
斯德哥尔摩,
七秒的爱-(《来自海洋的你》网络剧收官曲),
年少有为,
一直一起,
现在到永远,
You Are My Only One-(电视剧《我和两个他》主题曲),
戈壁天堂,
夏起啦,
四分之三的恋爱,
走在冷风中(法文版),
寂寞的枪,
双子星,
分手就分手,
闪亮的魔法-(电影《神奇马戏团》中文主题曲),
漩涡-(动画片《西行纪》片尾曲),
当夏,
背后女人,
模范情侣,
少年-(电视剧《扶摇》人物主题曲) ,
梦的游戏-(《解码游戏》电影片尾曲),
只要平凡-(电影《我不是药神》主题曲),
聊江湖,
Stay with me,
没有人能代替你,
我留在了远方,
不该习惯的寂寞,
别放弃,
新雁丘词,
Көркемім 鲜花般的美人(Live),
不念-(影视剧《古剑奇谭2》主题曲),
想要你知道,
永不磨灭的音符,
梦的方向(2018《中国新歌声》加油歌),
我们是谁,
一块石头,
一窗雨,
中餐厅-(《中餐厅》第二季主题曲),
某时某刻 Catch me when I fall (Remix) [Feat.R3HAB],
鱼罐头,
做我自己(QQ会员18周年主题曲),
撕下的爱,
别闹了好吗,
不是时候,
夜是秋月明-(电影《我不是药神》音乐观后感),
DEBUT,
K歌之王,
一了百了,
Loser Who,
共同家园(大湾区主题曲),
给妈妈的歌,
雁来红,
春花香,
傲红尘-(影视剧《扶摇》人物主题曲),
两个人一个人-(电影《如影随心》主题曲),
摩天轮的眼泪,
无人岛,
醉千年,
夜笙歌,
三个愿望,
真的好想你,
岁月情歌,
爱我的就拍拍手,
搭错车(独唱版),
来不及勇敢-(电影《昨日青空》插曲),
Lu(TroyBoi Remix),
再一次凝望,
见与不见,
怪咖,
不求,
故乡-(电影《小偷家族》推广曲),
再一次拥抱,
云烟成雨,
雪域情歌,
纸短情长,
最后一次,
台北的机场,
梦江南,
多想留在你身边,
岁月神偷,
太委屈,
经过,
庸人自扰,
我在神经什么,
水墨雪,
穿过生命散发的芬芳,
大浪淘沙,
后来,
听心,
醉苗乡,
后来,
酒后更想你,
开始懂了,
爱过了也伤过了,
紫色烟花,
亲爱的你在哪里,
相思的债,
寂寞的恋人啊,
太想念,
最美情侣,
哎,
看不见你的爱,
向往,
邂逅,
江南夜色,
把爱深藏,
北冰洋之恋,
爱情没有那么美,
别丢下我不管,
梦中的额吉,
七月上,
繁星四月,
光明,
不再联系,
听我的歌不许掉眼泪,
类似爱情,
破鞋子,
微风细雨,
归来,
情路弯弯,
离别的车站,
我在神经什么,
雪山姑娘,
飞鸟与射手,
梦一场,
最好的距离,
星耀恋曲,
人间,
陪你一起变老,
唐人,
越单纯越幸福,
我没有你说的那么坚强,
许多年以后,
站在草原望北京,
过客,
陪你一起变老,
相思,
说散就散,
看不见你的爱,
倔强,
味道,
追光者,
消愁,
画心,
走江南,
爱你那么多,
成全,
最幸福的人,
我的幸福在哪里,
嘴巴嘟嘟,
爱的箴言,
大鱼,
陪我看日出,
我以为,
陪你一起变老,
牵丝戏,
真心爱你,
追光者,
真心换真情,
在我心里没有谁能代替你,
毕业季,
明天会更好,
偶遇情缘,
含情脉脉,
九张机,
逃,
光明,
原来你也在这里,
追光者,
花开的时候你就来看我,
Rejoice,
太多,
水墨雪,
龙图腾,
流泪,
别问,
邂逅,
回忆那么伤,
小野猫,
走江南,
过客,
成都,
陪伴是最长情的告白,
我在直播间等你,
过客,
心慌,
情歌,
云在飞,
不要忘记我爱你,
最美的爱结局是分离,
寂寞再会,
还不至于,
花桥流水,
吴歌窟,
啷个哩个啷,
太想念,
心似诺言,
看透,
伤河,
忘了你忘了我,
车站,
陪你一起变老,
九张机,
不想做你的过客,
最亲的人,
梦中的额吉,
嘴巴嘟嘟,
后来我去北京找过你,
后来我去北京找过你,
我的唇吻不到我爱的人,
Always Online,
伤河,
逆流成河,
守护,
追光者,
Medicine Man,
殇雪,
渡红尘,
陌生人,
你是我心里的宝,
走马,
伤了心的女人怎么了,
妥协,
你会爱我到什么时候,
好姐妹,
不想,
惦记,
微风细雨,
抱一下就好,
走江南,
桃花运,
微风细雨,
寂寞的双手,
刚好遇见你,
小幸运,
伴我飞翔,
含情脉脉,
蓝色的故乡,
纸包不住火,
咱们结婚吧,
我怎么哭了,
童话镇,
爱情主演,
他说的谎,
前度,
哑巴新娘,
你的过去我不介意,
前度,
前度,
前度,
毕业季,
最坏的时光遇到最好的你,
如果再回到从前,
想你想你,
康美之恋,
毕业季,
弄虚作假,
站在草原望北京,
爱到尽头也无悔,
我的心,
妈妈我想你,
想你了,
天在下雨我在想你,
爱如星火,
火红的萨日朗,
想你了,
思慕,
寂寞的双手,
似是故人来,
牧羊曲,
爱如星火,
你会是我的吗,
不染,
柳岸旁,
天魔策,
清守,
倒色差的象,
星球坠落,
买条街,
Please Everybody,
你对着鲸说话,
暴鸡韦神,
许我余生,
Tasting Syrup（live）,
兰花酿,
Three Pass,
风誓,
当真,
默契,
无风的等候,
这酒馆以后就我一个人来了,
岛屿,
纠结,
戒你,
小小的梦想,
与我轻轻唱,
请吃饭的关系,
萤火虫(Live),
不及,
北方,
且赋江山,
反弹琵琶（Demotion）,
夏起啦,
寂寞的枪,
遥远,
蝴蝶与鱼,
梁家姑娘,
Birthday,
soap bubble,
不是,
久不唱歌忘了歌,
那时正好（live）,
Pillage掠夺,
带你回家,
Do You Think About Me,
老们制燥,
假如（live）,
那是爱情,
惠灵顿的街,
四眼仔,
Take A Rest,
春天的风,
Forever,
双脚离地(DEMO),
SoulMate,
老少年,
许少年,
隔离区,
和你Honey（live）,
刺青（live）,
脱轨,
开不了口,
单身假,
惩罚(Original Mix),
一生陪伴,
针灸,
&amp;,
巴黎假期,
终,
偏偏,
天狗,
I Focused On You（live）,
給你掙錢$,
我要和你在一起,
胸膛,
Catch Me（live）,
武侯祠,
杀死浪漫,
WORLDWIDE,
中部地区 局部有雨,
老铁在海南(Prod. by J.T.),
有一个人,
Fighter,
关于梦想（live）,
凤求凰,
风筝,
U Know Me,
看.见,
River,
WOWX3,
你（live）,
不负晴日,
落雨天,
风筝（live）,
真龙,
海洋（live）,
砂岚,
留在我身边(Bonus Track),
灌醉你的爸爸,
一只温柔美丽可爱迷人的大白猫（live）,
人生路,
That Girl,
雪落下的声音-(影视剧《延禧攻略》片尾曲),
一百万个可能,
学猫叫,
拥抱你离去,
再见吧我最爱的你,
让我做你的眼睛,
嘴巴嘟嘟,
去年夏天,
再见只是陌生人,
爱的故事上集,
陷阱,
38度6,
体面-(电影《前任3：再见前任》插曲),
空空如也,
隔壁泰山,
雪落下的声音-(影视剧《延禧攻略》片尾曲),
情人迷,
一晃就老了,
怀念青春,
最美的期待-(电视剧《茧镇奇缘》片头曲),
Faded,
最后我们没在一起,
凉凉-(电视剧《三生三世十里桃花》片尾曲),
不仅仅是喜欢,
听心(DJ何鹏版),
往后余生(demo),
牧马城市-(电视剧《老男孩》片尾曲),
流浪的子弹,
光明,
我已经爱上你,
我已经爱上你,
我的唇吻不到我爱的人,
西海情歌,
我已经爱上你,
Move Your Body,
远走高飞,
浪人琵琶,
听心,
需要人陪,
醉千年,
说散就散-(电影《前任3：再见前任》主题曲),
不变的情缘,
西海情歌,
风筝误,
忘不掉的伤,
最美婚礼,
突然想起你,
成都,
海草舞,
你还是从前的你吗,
夢灯籠-(动画电影《你的名字。》片头曲),
我们不一样,
Victory,
差一步,
寻-(电视剧《猎毒人》片尾曲),
告白气球,
HandClap,
123我爱你,
Friendships(Original Mix)(Remix),
宫墙柳-(电视剧《延禧攻略》插曲),
唐人,
殇雪,
重生-(电视剧《夜天子》片头曲）,
我又想你了,
没有你陪伴真的好孤单,
拥抱你离去(DJ版),
爱火,
你要的全拿走,
Wolves,
没有你陪伴我真的好孤单,
魔鬼中的天使,
像我这样的人,
回忆总想哭,
花桥流水,
刚好遇见你,
38度6(DJ小鱼儿版),
PLANET,
一个人的北京-(电影《谁说我们不会爱》主题曲),
逆流成河,
还有梦想,
离人愁,
纸短情长,
半壶纱,
正义之道(完整版),
醉赤壁,
温暖-(电视剧《恋爱先生》主题曲),
老妹儿,
爱的故事(上集),
手心里的温柔,
选择失忆,
想要和你谈恋爱,
佛系少女,
Yesterday Once More-[昨日重现],
受了伤的狼,
我的楼兰,
离别的秋天,
Believer,
